TTT,0.59
TTC,0.41
TTA,0.28
TTG,0.29
CTT,0.13
CTC,0.06
CTA,0.14
CTG,0.11
ATT,0.46
ATC,0.26
ATA,0.27
ATG,1
GTT,0.39
GTC,0.21
GTA,0.21
GTG,0.19
TCT,0.26
TCC,0.16
TCA,0.21
TCG,0.1
CCT,0.31
CCC,0.15
CCA,0.41
CCG,0.12
ACT,0.35
ACC,0.22
ACA,0.3
ACG,0.13
GCT,0.38
GCC,0.22
GCA,0.29
GCG,0.11
TAT,0.56
TAC,0.44
TAA,0.48
TAG,0.24
CAT,0.64
CAC,0.36
CAA,0.69
CAG,0.31
AAT,0.59
AAC,0.41
AAA,0.58
AAG,0.42
GAT,0.65
GAC,0.35
GAA,0.71
GAG,0.29
TGT,0.63
TGC,0.37
TGA,0.29
TGG,1
CGT,0.15
CGC,0.06
CGA,0.07
CGG,0.04
AGT,0.16
AGC,0.11
AGA,0.48
AGG,0.21
GGT,0.47
GGC,0.19
GGA,0.22
GGG,0.12
NNK,1
